id,name,inhabitants,k01_youth_unemployment,k02_single_parent_households,k03_old_age_poverty,k04_children_with_migration_background,k05_inhabitants_with_migration_background,k16_foreigners,k06_change_proportion_of_foreigner,k17_non_eu_foreigners,k07_foreign_transfer_recipients,k08_urban_apartments,k14_living_rooms,k15_living_space,k09_simple_residential_area,k10_duration_of_residence_over_5_years,k11_migration_volume,k12_balance_of_migration,k13_balance_of_migration_of_children_below_6
010111,Tiergarten Süd,13938,3.37458,25.04554,14.41792,82.95515,56.48587,35.48572,3.18846,65.00202,20.13496,4.82368,1.8258,41.91893,23.56149,49.83858,39.47235,3.7681,5.87161
010112,Regierungsviertel,9909,2.11443,27.40316,3.65209,70.89479,41.49763,27.09658,3.16421,56.57356,11.04393,30.6425,2.39015,53.77909,0,57.33778,31.15027,3.51822,0.82933
010113,Alexanderplatz,50457,2.32615,29.48495,2.91685,54.72167,33.35117,22.0465,2.62818,55.07012,13.67705,25.23844,2.02119,42.1793,21.66597,56.69827,33.27389,2.56353,-1.12333
010114,Brunnenstraße Süd,27901,0.92213,25.56314,5.76565,42.77366,34.21741,24.16401,3.92294,43.74073,5.0265,3.5154,1.83011,41.50102,52.91925,47.12516,40.28815,2.30632,-4.13641
010221,Moabit West,44540,4.27862,28.43459,12.83979,69.87127,45.75213,28.8819,2.76317,58.65983,31.6945,2.3894,1.68817,36.85245,74.92366,53.56445,36.43013,2.43364,-2.3687
010222,Moabit Ost,36260,3.88162,27.49446,12.2577,70.8294,46.2631,27.13734,0.85147,61.11789,29.62548,4.11907,1.712,38.40946,51.01489,57.26021,32.11519,0.72519,-5.17528
010331,Osloer Straße,37533,6.28357,31.84532,13.96867,82.5083,58.48187,37.52431,1.64298,62.87276,47.88506,13.23935,1.43884,29.46263,100,52.11712,35.7821,1.54636,-1.60146
010332,Brunnenstraße Nord,36473,5.84185,25,13.61128,86.82065,60.11844,31.4863,0.3572,72.77081,50.37435,26.26329,1.47463,29.99975,100,61.50322,25.93823,0.53773,-3.34269
010441,Parkviertel,43771,5.01938,36.01695,7.40692,68.91054,41.56633,25.82303,1.78514,57.63956,36.08574,19.05727,1.7194,34.77241,88.01718,57.03642,29.67672,1.9328,-2.96162
010442,Wedding Zentrum,55724,5.82753,27.93792,15.08174,85.22989,60.04056,39.47491,0.74225,63.36773,42.79106,7.87553,1.43247,30.2414,99.49393,50.05861,38.80461,1.32361,-4.78191
020101,Südliche Friedrichstadt,39887,7.12593,24.84004,20.63197,88.57386,66.66583,33.48459,0.65163,76.87931,54.05904,24.25527,1.47161,30.12911,73.69068,62.3434,26.55769,0.12429,-3.13185
020202,Tempelhofer Vorstadt,62638,3.49825,27.43872,12.21989,54.34551,39.74105,24.49312,0.86157,52.73758,25.15683,4.80755,1.76672,39.90491,67.72566,57.29338,30.50165,0.31764,-3.73234
020303,Nördliche Luisenstadt,22498,5.88479,28.36516,22.53129,73.99177,56.7606,35.14535,-0.07693,70.14038,42.10526,14.17023,1.52662,32.89852,98.39541,62.61817,27.92366,-0.62584,-4.08627
020304,Südliche Luisenstadt,26495,3.85552,28.70052,15.59724,62.67306,47.18626,31.19079,0.564,57.81704,28.24997,1.82241,1.59464,36.25386,99.27911,57.73944,31.33533,-0.12001,-5.20074
020405,Karl-Marx-Allee Nord,23208,3.19635,33.29886,2.05915,39.93541,20.96691,13.27129,1.85749,54.96753,22.42123,38.84668,1.86798,36.99018,27.11134,56.7942,28.23505,1.85533,-3.32968
020407,Karl-Marx-Allee Süd,23798,3.13059,32.26639,3.65189,45.63874,27.34263,18.31246,2.50851,55.80542,21.33646,31.62637,1.7401,37.29776,13.68182,55.65394,30.45528,0.77225,-2.6948
020506,Frankfurter Allee Nord,28383,3.45395,30.93333,7.66551,30.51844,23.19346,16.06595,1.99899,40.76754,14.98328,7.94074,1.7272,37.95533,72.11711,45.20717,38.38455,1.07494,-5.3097
020508,Frankfurter Allee Süd FK,48784,2.81521,31.0716,6.15136,29.07353,24.59208,17.4176,2.52566,38.87254,13.00251,8.20853,1.74459,38.40319,65.04592,46.12047,39.05222,0.97404,-7.86256
030101,Buch,14717,7.22689,40.97127,1.98324,14.13926,9.04396,5.39512,2.0889,55.03778,26.18742,44.15933,1.96548,35.52422,62.22736,56.07235,27.51618,6.35464,13.33247
030202,Blankenfelde/Niederschönhausen,26529,2.67459,25.59524,1.87702,15.96674,9.73275,5.00207,0.76059,50.48983,10.22013,3.23543,1.84104,41.12948,27.48313,57.98282,21.2905,1.42603,3.36515
030203,Buchholz,17218,2.45442,24.3662,2.894,16.06089,9.42037,3.00848,0.247,54.6332,21.58859,0.10475,1.76565,39.41846,52.43931,66.04409,17.82654,0.78198,5.34498
030304,Karow,18733,2.34681,26.13438,1.7311,12.48164,7.14248,2.6851,0.4495,50.49702,21.70213,0.02289,2.00854,40.25015,8.30086,68.76972,18.5906,-0.09147,0.51089
030307,Blankenburg/Heinersdorf/Märchenland,14456,1.14613,21.04167,0.88524,11.69073,5.37493,2.3658,0.3342,51.46199,12.93375,3.70824,2.05686,44.45891,47.399,70.32699,13.83799,1.89575,12.9364
030405,Schönholz/Wilhelmsruh/Rosenthal,17464,1.6656,22.23315,1.99033,23.35121,12.66606,4.68392,0.66943,52.81174,19.29134,1.02459,1.94056,41.16216,5.02176,66.21111,18.23495,0.85468,1.79703
030406,Pankow Zentrum,34233,3.72779,31.88406,2.10334,17.03271,10.35843,5.47133,1.27021,45.86225,16.45359,25.44455,1.87404,39.48915,7.15099,58.57942,23.73257,1.86407,2.20171
030408,Pankow Süd,33714,3.51385,36.85567,2.88011,18.39538,11.76663,7.70007,2.51087,47.72727,16.29834,22.45605,1.95758,37.46536,28.32948,59.31624,25.78591,1.93178,0.21503
030509,Weißensee,35442,3.65545,32.47907,3.16541,20.83621,13.17364,8.69025,3.01204,50.12987,16.31087,20.27162,1.88753,38.30884,18.80255,55.42068,27.93824,2.55309,2.00959
030510,Weißensee Ost,15125,5.39255,40.39271,2.03032,16.96646,8.90579,5.69256,1.02713,59.00116,27.26204,24.04911,1.94929,35.85613,3.3124,63.84024,22.3459,0.24925,-0.34133
030611,Prenzlauer Berg Nordwest,25182,2.85278,27.38144,7.57282,31.02672,24.81137,17.13128,2.64585,36.85675,7.78824,6.07489,1.78703,39.90152,92.52641,49.33919,36.48647,1.73195,-3.86687
030612,Prenzlauer Berg Nord,26799,2.96117,35.53389,4.19542,30.56699,19.53804,13.11989,2.68251,42.06485,11.45105,20.85919,1.88238,38.49233,53.29676,53.7217,31.03936,1.00646,-6.21063
030613,Helmholtzplatz,22245,1.90606,30.6184,9.59596,31.55476,26.94538,17.9501,2.91985,38.66767,7.84913,5.94015,1.75806,41.54381,12.3938,50.18389,34.06547,0.46085,-5.83235
030614,Prenzlauer Berg Ost,25479,4.91895,35.63572,1.80874,30.10401,15.42447,9.60791,2.13898,51.59314,23.77152,27.7636,1.95377,36.75011,52.1763,60.69775,23.96169,2.01951,2.18546
030715,Prenzlauer Berg Südwest,25172,1.9084,29.82337,5.94214,36.17117,30.35913,21.13857,2.42281,42.15373,5.93529,9.35108,1.88757,43.78718,22.96202,52.47302,37.44,-0.1377,-6.66054
030716,Prenzlauer Berg Süd,31859,3.28436,27.57705,4.88959,31.83702,24.72457,16.22148,2.36652,40.36378,10.64586,16.15389,1.80147,40.82077,34.37019,54.70329,31.16389,0.6274,-2.09273
040101,Charlottenburg Nord,18742,5.8438,39.98918,7.55011,68.69159,42.94099,21.93469,2.88135,59.57188,40.2965,47.43983,1.78967,32.8871,30.79714,64.89058,20.82342,1.40043,0.6339
040202,Heerstraße,12547,0,20.83333,1.61547,37.34602,25.86276,16.37045,1.16442,47.37098,5.03212,1.92308,2.14059,49.18746,0.83685,66.55436,21.89536,0.87153,5.86186
040203,Westend,27144,1.82704,28.90255,3.18678,49.53704,29.02667,17.584,2.27097,57.69956,11.95087,4.26637,2.05106,45.9951,0.71839,63.87532,26.60133,1.89803,2.12026
040304,Schloß Charlottenburg,23784,3.35241,30.26436,12.6183,56.87148,41.25042,24.68046,1.05034,62.69165,21.22167,18.64764,1.74281,38.21208,0,61.39302,26.86105,0.96569,-2.47717
040305,Mierendorffplatz,14910,3.70599,34.14855,9.10675,66.04106,40.76459,23.87659,1.9904,57.89326,24.44515,4.99648,1.88518,38.65828,54.7552,59.29851,27.18519,1.22484,-4.52661
040306,Otto-Suhr-Allee,26194,2.98736,29.85075,12.32108,70.70263,45.63641,26.86875,1.16605,58.07047,21.08997,10.0959,1.8274,39.67061,12.34252,60.09936,26.7149,1.18964,-1.48181
040307,Neue Kantstraße,23523,2.13472,31.57355,6.75477,53.05985,36.63648,22.82872,1.62303,51.37803,12.60414,1.85879,1.91204,45.19164,1.61969,62.62689,27.04793,0.95543,-0.08571
040308,Kantstraße,21167,2.32673,31.11111,9.24057,66.28711,46.08116,29.90504,1.56422,56.55608,15.18098,2.01268,1.83507,42.19252,3.02357,59.80882,28.08961,1.24785,-2.41152
040309,Kurfürstendamm,14714,1.14638,28.14424,8.11397,60.36088,42.61248,27.44325,1.05984,52.105,9.56292,1.35768,2.16617,54.28191,0,61.07231,27.82524,0.20828,-2.95678
040310,Halensee,14638,1.83727,28.2491,6.62668,58.28221,36.70583,21.45785,1.23344,52.81757,12.87712,1.73047,1.97882,45.4985,0,62.71043,24.35335,1.53073,1.48247
040411,Grunewald,18504,1.54362,30.67754,3.70303,55.13468,32.63078,18.4987,1.22808,56.35408,10.78965,4.08488,2.28383,57.37489,0.20536,61.84926,22.60515,1.65243,5.95739
040412,Schmargendorf,14286,0.91996,29.25532,2.80202,45.04592,25.1225,13.46773,2.14589,57.74428,11.85055,5.97728,2.04942,46.49657,0.063,63.71482,21.09986,1.97395,2.1072
040413,Wiesbadener Straße,18174,2.32231,34.17804,5.14263,42.09374,25.82811,14.68031,0.89902,56.63418,14.06526,15.73834,1.90393,42.38577,0,68.42974,19.4229,0.45739,-0.72464
040514,Düsseldorfer Straße,30653,2.16858,32.61589,6.08935,62.29917,39.81992,23.74319,2.11176,55.35862,13.80295,3.28636,1.96614,44.6662,0,61.10265,26.12092,2.22137,1.07817
040515,Barstraße,13868,2.8063,35.23404,7.55483,58.41372,36.79694,21.72628,1.72776,54.13209,16.96858,3.68082,1.89011,40.69671,0,61.97078,27.9057,1.12331,1.71202
040516,Volkspark Wilmersdorf,33439,2.83828,30.37482,6.03567,52.37647,34.37304,20.60169,2.14867,56.11845,14.23077,4.39265,1.89123,42.82344,0,62.14301,24.60866,1.71928,1.4201
040617,Forst Grunewald,67,0,0,0,0,0,0,0,0,0,0,0,0,0,0,0,0,0
050101,Hakenfelde,23043,4.46686,34.13739,2.53165,35.26012,18.33095,8.4364,0.50296,55.76132,29.10959,0.37383,1.9021,38.34635,35.46413,61.55062,23.40103,1.39226,-0.24604
050102,Falkenhagener Feld,39587,7.2104,36.73015,5.82493,54.95703,32.81128,13.06237,2.00365,63.56604,48.23276,21.43739,1.84571,36.32448,52.37073,64.24218,20.90758,0.8253,2.72403
050103,Spandau Mitte,34647,7.30031,36.7341,6.83561,59.11838,37.96288,21.16201,2.66058,59.38352,40.54622,11.06512,1.67478,34.193,71.86769,52.66402,32.7455,2.01509,-0.61119
050204,Brunsbütteler Damm,23142,4.27126,29.99559,2.56274,32.90431,18.77971,7.4367,1.31531,56.94364,33.89149,14.92226,1.91556,39.09697,90.54533,70.49467,18.87186,0.29663,2.85962
050205,Heerstraße Nord,27688,8.20158,34.23995,6.42367,54.79793,34.93932,14.56227,2.785,62.94643,56.37333,15.20861,1.79442,36.6981,87.98035,62.06632,21.41048,1.78805,5.54345
050206,Wilhelmstadt,34835,5.77713,38.99537,4.66192,47.4925,25.61217,13.17353,2.0608,57.79037,38.61219,6.1153,1.99076,41.12057,85.06387,59.05839,23.62439,1.20572,-1.92902
050307,Haselhorst,15285,5.92959,30.92537,3.90625,63.72252,40.85051,16.20543,2.45729,56.76221,44.27481,47.21936,1.74118,33.15918,32.48937,55.31518,22.77936,3.71372,8.16969
050308,Siemensstadt,12753,3.36352,32.56735,6.37317,63.55856,42.90755,26.21344,5.74777,74.66348,26.38522,0,1.599,33.23226,86.88152,56.31889,52.27442,2.77172,0.76549
050409,Gatow/Kladow,19439,1.05988,18.16113,0.61958,30.31359,16.41545,7.97366,4.10413,70.64516,5.52799,1.91858,2.0732,47.23921,0,67.14646,25.1721,4.3824,21.98732
060101,Schloßstraße,21909,1.48042,27.6411,3.52585,45.12464,28.26692,15.34529,0.88975,53.77751,15.72842,0.38256,1.94254,42.73166,0,63.07141,22.57213,0.74496,-0.80389
060102,Albrechtstraße,52333,3.08241,30.45034,4.66916,46.02588,27.64413,14.15168,0.9942,56.07615,21.09399,1.4531,1.88308,40.08345,3.35161,63.86941,22.62225,0.89078,-2.48515
060203,Lankwitz,42066,3.15623,32.71962,3.14057,39.56659,23.40132,11.66976,0.9128,54.51212,24.40945,10.37431,1.88991,39.22926,20.69129,65.4135,19.58994,1.07855,0.27422
060204,Ostpreußendamm,34852,2.98913,25.79737,2.90075,37.83836,23.04889,11.42259,0.60597,58.20146,22.79793,2.71215,1.98227,42.4427,21.1523,67.39098,20.037,0.32598,2.88657
060305,Teltower Damm,33262,1.74321,30.97401,1.85959,35.71572,19.97174,9.92724,0.56321,57.38946,11.74603,0.80342,2.06704,44.20657,0,66.62511,20.22577,1.44134,5.80542
060306,Drakestraße,47425,1.42462,23.21949,1.52233,36.0434,23.57196,13.1049,1.13412,53.37088,11.76682,1.40407,1.93856,43.74005,3.11017,64.58599,22.45966,1.57599,5.85279
060407,Zehlendorf Südwest,25707,1.07143,21.58161,1.63659,28.19619,19.84284,11.37433,-0.11213,59.74692,4.02844,2.49531,2.10561,50.71677,0,65.55749,25.91674,0.62526,6.93584
060408,Zehlendorf Nord,41714,0.46649,24.65374,1.29837,33.58946,21.71214,11.68672,0.23968,56.26667,4.62582,0.07497,2.18155,51.70576,0,68.51079,19.28045,0.63026,3.08362
070101,Schöneberg Nord,48315,4.19538,28.65824,16.33083,69.99112,47.75122,28.81507,1.77096,64.27237,29.06363,16.03322,1.81256,40.47265,27.6498,60.66133,26.65649,1.25243,-1.66874
070202,Schöneberg Süd,48860,3.20553,28.98819,9.31238,56.93594,36.6578,21.06836,1.23171,57.26637,23.90877,7.57674,1.86214,42.12341,37.50716,60.01457,26.83075,0.7889,-2.71999
070303,Friedenau,45094,2.44117,27.03226,5.29457,44.56903,28.52042,14.66049,0.93703,57.94887,20.65647,1.30832,1.98015,43.41735,3.48827,64.99257,21.66054,0.69195,-0.97575
070404,Tempelhof,61860,4.61737,33.35065,5.91437,55.5854,33.17006,17.02554,1.49759,60.44436,31.8746,12.80262,1.79148,37.45167,15.61752,61.5283,23.1893,2.03764,-0.00226
070505,Mariendorf,50827,5.10479,30.46252,4.0325,53.83934,29.00624,13.55775,1.6798,59.58497,32.76344,6.26347,1.82318,37.72493,42.40856,64.71744,19.932,1.26035,0.04056
070606,Marienfelde,31090,5.5428,29.6,4.52982,53.53332,31.48922,12.99453,0.91461,65.5198,43.54054,26.14965,1.77813,37.08762,50.24124,65.37815,22.88455,1.02794,1.6593
070707,Lichtenrade,49721,3.64583,29.78981,3.15107,34.68031,18.56358,7.55013,1.2227,56.76612,36.3528,15.5435,1.95539,43.09507,36.43732,69.11771,17.4562,0.4052,4.09445
080101,Schillerpromenade,32272,5.88563,29.28325,17.27575,79.48014,52.35188,34.06049,1.39974,58.85189,37.85227,5.66734,1.50229,32.32418,99.9907,53.0306,36.77909,0.87814,-6.00243
080102,Neuköllner Mitte/Zentrum,38739,6.21445,29.77778,17.57387,84.35204,57.38661,36.20899,0.52492,60.80416,41.0559,16.61155,1.38746,30.7787,100,53.57289,34.27463,1.13516,-6.05303
080103,Reuterstraße,40471,5.01491,28.80307,15.90783,71.43621,47.98004,31.38049,1.29213,55.72441,30.93091,2.97902,1.57631,34.28897,100,55.87721,33.31489,0.52889,-6.91825
080104,Rixdorf,40264,6.62558,29.02273,13.97134,78.24214,50.16392,32.86807,0.46557,55.36497,39.74505,3.77038,1.53355,32.48045,100,51.25013,35.4723,0.45859,-8.37448
080105,Köllnische Heide,15365,10.35599,27.78905,14.67845,86.46999,65.16108,31.37651,0.35957,81.20722,66.71129,25.28897,1.38438,26.60306,99.34917,60.76814,25.22322,0.63116,1.07324
080206,Britz,42055,4.82199,31.51239,6.18979,60.38438,33.74391,17.04672,2.42422,62.2681,39.77815,12.7808,1.70058,34.82304,64.16122,63.78897,21.81431,1.44325,0.7351
080207,Buckow,28013,2.93324,29.27209,3.80901,48.23757,24.96698,10.53439,1.40506,63.40224,39.0625,15.46696,1.87213,38.88816,84.58216,67.51507,19.60588,0.80475,5.00136
080308,Gropiusstadt,36466,5.02984,31.77843,6.41513,76.292,43.48983,17.05424,1.04674,74.09551,53.53756,24.07545,1.64685,35.16594,99.26233,69.84633,16.97769,0.69537,0.46729
080409,Buckow Nord,9384,3.49887,24.9047,3.17695,55.38707,26.81159,10.66709,1.26392,70.32967,28.77778,4.77196,1.91667,39.81959,90.88875,68.65176,16.83471,0.93131,3.00377
080410,Rudow,42687,2.58488,25.36712,2.24646,40.37248,21.02982,7.97198,0.86571,60.03526,24.11805,6.90783,1.91897,41.11498,52.75611,71.58279,17.09584,1.11821,6.54406
090101,Alt-Treptow,11401,3.52021,27.38956,3.7325,39.1029,24.97149,14.6303,0.85529,52.33813,29.23547,12.96206,1.62486,35.62082,70.99377,54.58454,29.45151,0.87484,-0.56766
090102,Plänterwald,10974,4.17827,35.68376,2.19625,23.59209,10.38819,5.62238,1.29816,49.59481,24.95868,25.26905,1.95006,37.55057,0,64.7987,19.85641,0.68093,-3.86578
090103,Baumschulenweg,17647,3.84088,32.74524,1.49505,24.37469,11.32204,5.94435,1.0284,60.0572,23.1943,8.9999,1.95863,38.26752,16.52406,63.99882,20.94327,1.08154,-4.33054
090104,Johannisthal,18581,3.4386,30.14006,1.93124,16.30686,7.81443,3.57354,0.70987,56.4759,20.67851,21.55028,1.86728,38.39632,12.28136,68.19129,17.14215,0.71947,0.26205
090205,Oberschöneweide,20361,4.58185,41.54895,4.71634,23.30161,13.93841,8.84043,2.07875,51.66667,32.55682,31.68797,1.77796,35.59648,53.90698,49.59083,30.34973,1.5982,-4.27966
090206,Niederschöneweide,10871,3.83858,34.714,1.71333,22.67287,13.17266,9.41956,1.91956,51.5625,29.3,19.64193,1.80195,35.44982,60.64759,59.26931,28.73434,1.03088,-0.27331
090207,Adlershof,16442,3.12085,35.94352,2.20504,20.30041,10.29072,7.33487,3.57271,64.42786,20.28986,16.72765,1.89296,38.59062,11.30641,59.09294,26.52779,2.68403,1.65104
090208,Köllnische Vorstadt/Spindlersfeld,10149,4.95169,45.24648,2.65534,14.00233,8.86787,5.08424,1.4045,45.93023,27.51004,37.62994,1.97714,37.01527,37.00857,57.40469,23.86948,0.78744,-2.68035
090309,Altglienicke,25944,3.87566,28.88817,2.5778,17.07884,10.11409,3.74653,0.29544,49.79424,28.20796,18.73585,1.76819,37.68393,29.50971,67.00142,17.61461,-0.03823,2.64813
090310,Bohnsdorf,12240,2.75404,29.09535,1.04467,12.05947,7.04248,3.79085,0.83818,38.14655,17.60722,10.26449,1.99984,41.24567,54.24837,69.92757,17.87732,1.02376,4.97148
090311,Grünau,5649,0,30.69106,0.849,17.79412,7.73588,5.32838,0.67262,68.77076,4.79452,6.23393,2.09896,42.90246,0.05311,65.85903,28.77427,0.57349,-2.64491
090312,Schmöckwitz/Karolinenhof/Rauchfangswerder,4115,0,24.62687,0.37665,10.66667,6.39125,3.37789,1.05173,56.83453,5.38462,0,2.21385,50.92855,33.60875,75.25329,15.65402,0.82434,8.8736
090413,Köpenick Süd,15725,3.4375,32.24728,1.1379,10.75766,4.05723,1.76153,0.28707,49.09747,18.75,21.51043,2.14385,40.789,1.07472,72.39389,15.38566,1.36616,2.38389
090414,Allende-Viertel,6325,4.34783,29.35421,0.76582,24.26108,10.11858,6.95652,5.43368,89.31818,15.18692,33.90518,1.71036,37.20237,2.57708,70.33815,21.19997,1.98794,8.48919
090415,Altstadt Kietz,7173,5.57432,40.91429,5.1306,16.24606,10.00976,4.85153,1.57095,51.43678,34.52381,50.27251,1.86728,36.416,24.18793,55.02449,25.75521,1.17319,-3.87687
090416,Müggelheim,6522,0,18.78089,0.52253,9.72851,4.49249,1.90126,0.3875,48.3871,9.32203,0,2.03803,45.46044,4.2165,77.218,12.60223,0.02303,7.20459
090517,Friedrichshagen,17905,2.29406,31.63616,1.25611,9.36154,4.42893,2.31779,0.44257,43.37349,13.91753,27.05173,2.04356,40.08065,0.31835,67.72385,18.34489,1.69962,3.21384
090518,Rahnsdorf/Hessenwinkel,9041,2.06186,21.82448,0.71219,11.994,5.66309,2.64351,0.36571,43.09623,12.94643,2.1734,2.12609,48.26866,1.10607,74.02045,14.59374,0.89182,7.24901
090519,Dammvorstadt,10075,2.849,31.71558,1.81425,10.64319,6.33251,3.31514,0.25175,51.49701,22.36025,4.99572,1.93538,40.84983,10.51117,57.18016,25.52918,3.34289,-0.38665
090520,Köpenick Nord,12300,2.63852,33.95854,1.01085,12.80323,4.30081,2.09756,0.25747,51.16279,18.4739,10.38998,2.30691,43.02748,1.17886,72.79529,15.76688,0.54655,2.45402
100101,Marzahn Nord,23271,7.69912,45.28505,9.43812,32.9813,21.03906,7.86816,0.80898,73.56636,54.59705,41.87052,1.90422,32.96506,99.96133,62.60248,21.58876,0.60534,0.67964
100102,Marzahn Mitte,46104,7.45535,40.65713,4.52826,31.21781,16.9725,7.13821,0.99026,67.33516,44.71798,28.97324,2.03245,34.99223,37.35901,64.04592,21.92237,0.61321,-0.20857
100103,Marzahn Süd,37098,5.00569,32.57369,2.58251,36.08805,16.88231,6.685,1.65785,75.96774,38.98305,21.55151,2.05173,36.9277,50.69815,68.25151,18.19933,1.1339,1.3454
100204,Hellersdorf Nord,33952,9.50591,50.74031,7.24293,25.85679,16.98574,7.97597,2.49833,54.24668,46.92104,27.09032,1.67339,33.05846,0.38584,54.12345,26.53141,0.6428,0.18021
100205,Hellersdorf Ost,19630,6.57698,43.878,4.03494,22.10175,12.31279,7.31024,4.27475,65.57491,35.21524,35.49788,1.86286,33.44773,0,58.26016,25.80971,1.69944,4.77871
100206,Hellersdorf Süd,24496,6.78466,46.19859,4.0063,19.10883,10.64664,4.41705,0.7633,59.42699,41.94471,43.83257,1.78364,33.60643,0,62.52635,19.91309,0.04102,-0.61606
100307,Biesdorf,25570,1.03448,19.77528,1.27253,16.47521,10.06257,5.02542,-0.03497,69.80545,8.8729,9.82099,2.03399,41.96801,51.13414,71.58275,18.74202,0.93795,5.05073
100408,Kaulsdorf,18618,1.5625,20.78834,0.5988,10.55079,4.86089,1.9551,0.27694,53.2967,19.28783,0.82469,2.01386,44.46144,39.08583,76.35572,13.45805,-0.40868,4.5997
100409,Mahlsdorf,27434,1.3834,19.31347,0.65657,10.25249,5.04483,2.09229,0.53008,50,17.02509,0.26142,2.08136,45.68546,95.59306,75.1685,13.5192,0.70896,9.72568
110101,"Malchow, Wartenberg und Falkenberg",4407,1.85759,22.64151,1.52542,7.6087,5.33243,2.08759,0.27241,65.21739,12.04819,4.1248,1.96846,43.05968,90.37894,66.46255,17.41703,2.14308,7.77205
110102,Neu-Hohenschönhausen Nord,28223,6.31141,46.26543,5.78049,31.128,18.10226,8.19899,1.89774,69.83578,46.02752,64.29413,1.96946,33.13886,0,63.59983,21.14147,1.17633,2.4713
110103,Neu-Hohenschönhausen Süd,25784,6.1969,39.74827,3.21421,35.41614,17.28204,8.00109,1.21082,80.27145,50.57185,47.49008,1.96246,34.90928,0.4654,70.13029,16.34233,-0.22962,0.35917
110204,Alt-Hohenschönhausen Nord,13867,2.7027,28.92885,1.63292,26.75063,12.68479,7.233,1.50349,77.667,31.06996,25.55311,1.99776,38.617,2.69705,67.44539,22.53505,1.28557,0.77986
110205,Alt-Hohenschönhausen Süd,29698,4.14687,33.27691,1.7175,30.97484,14.05819,8.26318,1.41368,76.85412,37.2434,30.68715,1.89353,36.85965,1.56913,63.18029,23.56743,0.17953,0.58226
110306,Fennpfuhl,32470,4.56682,37.37143,2.82049,47.26061,22.43609,12.47305,2.07762,76.2716,37.57269,30.3334,1.94617,34.16828,1.49369,65.17375,23.17473,1.02262,-2.61099
110307,Alt-Lichtenberg,27074,3.69588,32.01247,3.45357,36.5905,25.2567,19.37283,5.83893,53.68923,13.10238,26.96069,1.78662,35.06541,58.23299,46.22058,47.29253,5.03123,-3.59694
110308,Frankfurter Allee Süd,10004,2.83333,37.2067,3.18828,47.52187,28.79848,16.70332,1.11335,78.15679,28.05402,49.8446,1.85646,33.09016,60.89564,66.41573,23.3527,0.62317,-2.36605
110409,Neu-Lichtenberg,30767,4.20199,36.90394,4.49063,26.00679,15.41912,9.57194,1.34061,53.71817,26.61597,25.40088,1.89654,36.79543,81.4379,54.85247,29.95366,0.83204,-4.88732
110410,Friedrichsfelde Nord,13728,6.38138,33.5865,3.43769,48.21903,23.02593,13.21387,2.47856,66.09702,40.59517,18.83963,1.82532,34.69238,71.02273,62.16651,25.69668,1.12185,0.17141
110411,Friedrichsfelde Süd,24697,3.44211,35.81192,1.86167,40.11778,17.94145,10.78269,1.17636,76.11716,29.23434,42.9016,1.95825,35.35583,29.46512,66.67646,21.85859,1.20732,-1.93837
110512,Rummelsburger Bucht,3420,3.14465,9.91379,0.72115,17.97176,12.63158,6.08187,0.72635,53.36538,13.15789,6.76301,1.9652,45.92544,13.53801,59.71456,21.19699,-0.05826,-3.537
110513,Karlshorst,24326,1.26454,24.64261,1.4878,14.14392,10.56894,6.11691,0.39964,60.28226,9.21053,20.84487,1.9533,40.47135,2.71315,58.23882,24.17756,2.54635,6.09676
121031,Ost 1,26668,5.43478,37.53271,6.61647,67.36744,40.83546,22.57012,1.55148,61.95381,40.77843,4.42951,1.69634,33.8316,100,56.13528,29.18141,1.09016,-3.8685
121032,Ost 2,26156,5.13919,39.16667,5.01257,62.80795,33.8928,16.88332,1.39995,63.70018,42.73911,0.80825,1.79072,34.68959,92.33445,60.20617,24.5684,1.35019,-0.79219
122141,West 1,14556,4.36312,31.38259,4.12063,45.83921,26.0992,11.55537,0.29124,61.23662,32.42886,39.13845,1.93686,38.11081,17.22314,65.17799,20.5329,-0.53397,3.08803
122144,West 4,26150,5.79268,36.40927,5.91516,71.1516,42.3174,22.69981,3.17562,58.37264,43.21789,13.43123,1.76226,33.94742,99.13193,57.90981,27.9854,1.27538,1.77825
122145,West 5,10633,2.88568,32.43934,2.41758,36.34064,17.34224,9.00969,1.13161,55.63674,20.58465,0,1.84003,41.48039,1.33547,59.32517,24.84142,2.59899,-3.01637
122242,West 2,23873,1.04216,21.45299,0.88671,20.69878,10.50559,3.98358,0.31366,44.79495,7.09759,1.51543,2.12277,47.25263,15.90081,72.49761,16.74387,0.7378,8.27699
122311,Nord 1,32973,0.98765,21.75898,0.95901,19.35543,10.28417,4.24287,0.4136,43.1737,7.44589,1.19554,2.31216,52.13942,0.10918,71.29417,16.64399,0.71563,9.52102
123012,Nord 2,30437,2.99577,27.33945,2.17939,37.91564,19.69971,10.1324,3.07575,65.36965,19.58763,2.48269,1.94802,40.84483,1.02178,64.83614,24.93059,2.27082,8.28164
123021,MV 1,37671,6.17915,32.59409,5.04304,67.20764,42.7703,20.16405,2.84982,70.44497,57.14683,82.90969,1.66898,33.10523,100,55.02604,24.13235,2.41648,6.79829
123022,MV 2,8752,5.30697,33.07777,4.90425,49.39835,29.11335,13.31124,3.36558,60.51502,48.0111,11.10075,1.83135,37.13414,37.44287,61.3775,23.0202,1.86218,12.2137
123043,West 3,16131,3.25645,37.30337,3.30753,26.76282,13.9235,7.07954,0.90096,52.10158,27.61044,7.07737,2.10117,40.90273,39.99752,68.04097,19.55928,0.93268,2.30521
